N,beta1,beta2,beta3,cor_xm,rel,method,par,convergence_rate,coverage,outlier_se,raw_bias,raw_rse_bias,rmse,std_bias,stdMed_bias,stdMed_rse_bias,trim_bias,trim_rse_bias,REPLICATIONS,N_lab,beta1_lab,beta2_lab,beta3_lab,cor_xm_lab,rel_lab
100,1,0.9,0.75,0,0.7,rapi,yint,1,0.968,10.8,0.08550171329676685,0.3580074242078344,0.5038618971538494,0.17214697089151676,0.1755590911764835,0.0762707255115298,0.04205860092331931,-0.5621030686181562,2000,italic(N) == 100,\beta_{1} == 1,\beta_{1} == 0.9,\beta_{1} == 0.75,Correlation_XM == 0,Reliability == 0.7
100,1,0.9,0.75,0,0.7,tspa,yint,1,0.9485,8,0.04313098618753424,0.1545349065861752,0.4077418554332215,0.10635035499744488,-0.006591200191185758,-0.06821318222828066,0.0038754986968366767,-0.61362819481513875,2000,italic(N) == 100,\beta_{1} == 1,\beta_{1} == 0.9,\beta_{1} == 0.75,Correlation_XM == 0,Reliability == 0.7
100,1,0.9,0.75,0,0.7,upi,yint,1,0.8825000000000001,7.55,0.04552686739570844,1.7419332064627246,0.4308339652217581,0.1062398968128856,-0.08612468453788136,-0.10406006411368673,-0.009001652336671329,-0.5375828915494687,2000,italic(N) == 100,\beta_{1} == 1,\beta_{1} == 0.9,\beta_{1} == 0.75,Correlation_XM == 0,Reliability == 0.7
100,1,0.9,0.75,0,0.8,rapi,yint,1,0.9715,6.05,0.02716276514088923,0.08153017768369009,0.15339628190090446,0.17987400728415834,0.1138126662611521,0.11351580267794081,0.017812318962774965,-0.0035633600185034364,2000,italic(N) == 100,\beta_{1} == 1,\beta_{1} == 0.9,\beta_{1} == 0.75,Correlation_XM == 0,Reliability == 0.8
100,1,0.9,0.75,0,0.8,tspa,yint,1,0.9535,3.6999999999999997,0.007176497253519524,-0.04799455808126196,0.14000247505233532,0.051314432269419966,-0.01703573968581838,-0.0060807339688619955,6.449169826679979e-4,-0.08550867803955242,2000,italic(N) == 100,\beta_{1} == 1,\beta_{1} == 0.9,\beta_{1} == 0.75,Correlation_XM == 0,Reliability == 0.8
100,1,0.9,0.75,0,0.8,upi,yint,1,0.925,6.1,0.023730624961462294,0.07791990686319705,0.2256291940179856,0.10573547425433256,-0.030974778896174372,-0.07544674096277082,0.0010605222777047563,-0.3287116547779466,2000,italic(N) == 100,\beta_{1} == 1,\beta_{1} == 0.9,\beta_{1} == 0.75,Correlation_XM == 0,Reliability == 0.8
100,1,0.9,0.75,0,0.9,rapi,yint,1,0.956,2.45,0.005657352974781203,0.0033869970935298532,0.11659922229810363,0.04856471258207439,0.04762803809027669,0.005738743685778536,0.0035492179487192632,-0.01617670066108856,2000,italic(N) == 100,\beta_{1} == 1,\beta_{1} == 0.9,\beta_{1} == 0.75,Correlation_XM == 0,Reliability == 0.9
100,1,0.9,0.75,0,0.9,tspa,yint,1,0.9415,1.7999999999999998,-0.001454792532227628,-0.048052779956451186,0.1136502654401469,-0.01279845634996657,-0.022525522898576268,-0.047714556667135755,-0.0034240625246049206,-0.06086825195014767,2000,italic(N) == 100,\beta_{1} == 1,\beta_{1} == 0.9,\beta_{1} == 0.75,Correlation_XM == 0,Reliability == 0.9
100,1,0.9,0.75,0,0.9,upi,yint,1,0.941,3.45,0.0014957474231119137,-0.07442221041494446,0.12666738805998662,0.011806335716183341,-0.04701945901531595,-0.04306958666156646,-0.0038169187860588316,-0.10587888302661896,2000,italic(N) == 100,\beta_{1} == 1,\beta_{1} == 0.9,\beta_{1} == 0.75,Correlation_XM == 0,Reliability == 0.9
100,1,0.9,0.75,0.3,0.7,rapi,yint,1,0.968,9.5,0.07562744466883035,0.15715178370623195,0.306914687929868,0.25418817823588796,0.19208080605091962,0.10371116063416719,0.03857544893218312,-0.33610753053180475,2000,italic(N) == 100,\beta_{1} == 1,\beta_{1} == 0.9,\beta_{1} == 0.75,Correlation_XM == 0.3,Reliability == 0.7
100,1,0.9,0.75,0.3,0.7,tspa,yint,1,0.9415,7.3999999999999995,0.03402706121732018,-0.16889171248070012,0.25213208670975007,0.13616929481954615,0.03247974433369767,-0.07983720893992208,0.009708875147755203,-0.42071419063106974,2000,italic(N) == 100,\beta_{1} == 1,\beta_{1} == 0.9,\beta_{1} == 0.75,Correlation_XM == 0.3,Reliability == 0.7
100,1,0.9,0.75,0.3,0.7,upi,yint,1,0.885,8.649999999999999,0.02996129134238522,1.0980678274185895,0.45885110098511384,0.06541961129285388,-0.08503923778392079,-0.11533865285390554,-0.008606213974196253,-0.5936068991781702,2000,italic(N) == 100,\beta_{1} == 1,\beta_{1} == 0.9,\beta_{1} == 0.75,Correlation_XM == 0.3,Reliability == 0.7
100,1,0.9,0.75,0.3,0.8,rapi,yint,1,0.9695,5.45,0.02540545286199214,0.07503526054076826,0.14752722623507147,0.17477658691067555,0.12870305368142262,0.05546870603472187,0.017568039054014495,-0.03708061214860714,2000,italic(N) == 100,\beta_{1} == 1,\beta_{1} == 0.9,\beta_{1} == 0.75,Correlation_XM == 0.3,Reliability == 0.8
100,1,0.9,0.75,0.3,0.8,tspa,yint,1,0.9485,3.6999999999999997,0.00965119669105145,-0.06588257470793435,0.13523876855055197,0.0715286584661774,0.016331312750260604,-0.03664914606366221,0.0027419327534060067,-0.12059262522070424,2000,italic(N) == 100,\beta_{1} == 1,\beta_{1} == 0.9,\beta_{1} == 0.75,Correlation_XM == 0.3,Reliability == 0.8
100,1,0.9,0.75,0.3,0.8,upi,yint,1,0.926,5.6000000000000005,0.02169162857955732,-0.05697913991893433,0.21821404353814622,0.09987510628749173,0.006661010515710815,-0.09668692491484554,0.0016211982801837554,-0.3502597970206657,2000,italic(N) == 100,\beta_{1} == 1,\beta_{1} == 0.9,\beta_{1} == 0.75,Correlation_XM == 0.3,Reliability == 0.8
100,1,0.9,0.75,0.3,0.9,rapi,yint,1,0.9605,1.9,0.003165117506128059,0.04745372745739629,0.10304054436057275,0.03072402275642231,0.01236601418010033,0.03395819133923683,0.0026951617492199653,0.028433051440667878,2000,italic(N) == 100,\beta_{1} == 1,\beta_{1} == 0.9,\beta_{1} == 0.75,Correlation_XM == 0.3,Reliability == 0.9
100,1,0.9,0.75,0.3,0.9,tspa,yint,1,0.9485,1.5,-0.0032657988324001365,-0.013623937348377746,0.10118374846924792,-0.03228467301650547,-0.03371779889131229,-0.023575840820596272,-0.003597904673268537,-0.025313741138331514,2000,italic(N) == 100,\beta_{1} == 1,\beta_{1} == 0.9,\beta_{1} == 0.75,Correlation_XM == 0.3,Reliability == 0.9
100,1,0.9,0.75,0.3,0.9,upi,yint,1,0.9475,2.75,2.4943170776912796e-4,-0.017131957891934113,0.11058407446118472,0.002255026120318701,-0.032878527669403704,-0.014296219326253579,-0.0032373150592453492,-0.04798812351924886,2000,italic(N) == 100,\beta_{1} == 1,\beta_{1} == 0.9,\beta_{1} == 0.75,Correlation_XM == 0.3,Reliability == 0.9
100,1,0.9,0.75,0.6,0.7,rapi,yint,1,0.964,9.049999999999999,0.04864980548088814,-0.5101209313785303,0.6687807319559305,0.07291903000211955,0.20087325789153113,0.14220445765752787,0.03116497930416512,-0.7448326445784237,2000,italic(N) == 100,\beta_{1} == 1,\beta_{1} == 0.9,\beta_{1} == 0.75,Correlation_XM == 0.6,Reliability == 0.7
100,1,0.9,0.75,0.6,0.7,tspa,yint,1,0.947,6.15,0.025262762022238556,-0.10445960742118532,0.17564531007886733,0.14530307911786625,0.08253054012956602,-0.05295091524573958,0.009992071787990331,-0.26939160593413547,2000,italic(N) == 100,\beta_{1} == 1,\beta_{1} == 0.9,\beta_{1} == 0.75,Correlation_XM == 0.6,Reliability == 0.7
100,1,0.9,0.75,0.6,0.7,upi,yint,1,0.898,7.199999999999999,0.046996590508459994,6.74318799987589,0.4300082466949213,0.10992345346784603,-0.0037404968434882006,-0.0853815839962172,0.004457826263911113,-0.6062260299272799,2000,italic(N) == 100,\beta_{1} == 1,\beta_{1} == 0.9,\beta_{1} == 0.75,Correlation_XM == 0.6,Reliability == 0.7
100,1,0.9,0.75,0.6,0.8,rapi,yint,1,0.972,4.55,0.016178770970086017,0.11952757314732243,0.11441301955527475,0.1428063517154989,0.13570776386673503,0.12327046270440234,0.012746683840481443,0.05579689766418028,2000,italic(N) == 100,\beta_{1} == 1,\beta_{1} == 0.9,\beta_{1} == 0.75,Correlation_XM == 0.6,Reliability == 0.8
100,1,0.9,0.75,0.6,0.8,tspa,yint,1,0.948,3.05,0.0056088447864808605,-0.029044079781199716,0.1081112085772725,0.0519372981660779,0.017258532022382547,-5.804523245021009e-4,0.0025196392531068312,-0.058686624344498894,2000,italic(N) == 100,\beta_{1} == 1,\beta_{1} == 0.9,\beta_{1} == 0.75,Correlation_XM == 0.6,Reliability == 0.8
100,1,0.9,0.75,0.6,0.8,upi,yint,1,0.9325,5.2,0.015019983728703274,-0.0571312289316559,0.14177639240506573,0.10651429270929669,-0.0063676771790218065,-0.0791414176871359,0.002677065582190996,-0.1340699657414317,2000,italic(N) == 100,\beta_{1} == 1,\beta_{1} == 0.9,\beta_{1} == 0.75,Correlation_XM == 0.6,Reliability == 0.8
100,1,0.9,0.75,0.6,0.9,rapi,yint,1,0.962,2.25,0.004855985602334821,0.04754532672881395,0.09003032959789736,0.05400234264849845,0.026014032719046714,0.03918332836567817,0.0036845341833326994,0.02936261738240309,2000,italic(N) == 100,\beta_{1} == 1,\beta_{1} == 0.9,\beta_{1} == 0.75,Correlation_XM == 0.6,Reliability == 0.9
100,1,0.9,0.75,0.6,0.9,tspa,yint,1,0.949,1.55,6.766791188240102e-5,-0.012831546159856821,0.08802129464879631,7.685755253907207e-4,-0.019323840268314782,-0.01612992254888579,-8.818824059186325e-4,-0.02318500595590034,2000,italic(N) == 100,\beta_{1} == 1,\beta_{1} == 0.9,\beta_{1} == 0.75,Correlation_XM == 0.6,Reliability == 0.9
100,1,0.9,0.75,0.6,0.9,upi,yint,1,0.9465,3,0.001727467160845991,-0.015366165306532564,0.09604444228983675,0.01798453523349468,-0.02333913035102051,-0.046934074344510135,-0.0014781451184504024,-0.040467448935088246,2000,italic(N) == 100,\beta_{1} == 1,\beta_{1} == 0.9,\beta_{1} == 0.75,Correlation_XM == 0.6,Reliability == 0.9
250,1,0.9,0.75,0,0.7,rapi,yint,1,0.9785,6.6000000000000005,0.027361026335047008,0.07522346639668331,0.12395548350323347,0.2262583014085583,0.12029110127813775,0.13383968633979793,0.01571447165918588,-0.027438105759660103,2000,italic(N) == 250,\beta_{1} == 1,\beta_{1} == 0.9,\beta_{1} == 0.75,Correlation_XM == 0,Reliability == 0.7
250,1,0.9,0.75,0,0.7,tspa,yint,1,0.9535,4.2,0.012912680684935148,-0.07835093361348577,0.11025621433119359,0.11789726610950178,0.008682259409345356,-0.01932430078904246,0.004691173062431775,-0.12570801517030106,2000,italic(N) == 250,\beta_{1} == 1,\beta_{1} == 0.9,\beta_{1} == 0.75,Correlation_XM == 0,Reliability == 0.7
250,1,0.9,0.75,0,0.7,upi,yint,1,0.921,3.95,0.013390983272160532,-0.04059008746815995,0.14724402351479426,0.09129976271579329,-0.03911228547621917,-0.019201338770712173,-0.0011902112784504815,-0.13065466636418266,2000,italic(N) == 250,\beta_{1} == 1,\beta_{1} == 0.9,\beta_{1} == 0.75,Correlation_XM == 0,Reliability == 0.7
250,1,0.9,0.75,0,0.8,rapi,yint,1,0.96,2.7,0.007250423622668784,0.03973488870784836,0.08793668484822567,0.08271150401676995,0.03885047108653725,0.04482640353316403,0.004409443471251662,0.013376756741965812,2000,italic(N) == 250,\beta_{1} == 1,\beta_{1} == 0.9,\beta_{1} == 0.75,Correlation_XM == 0,Reliability == 0.8
250,1,0.9,0.75,0,0.8,tspa,yint,1,0.9445,2.1999999999999997,-3.150325554689624e-4,-0.043484019333240864,0.08329492384717738,-0.003781215296131363,-0.04122125485232199,-0.034100031427606536,-0.002776534373388706,-0.0573258074315941,2000,italic(N) == 250,\beta_{1} == 1,\beta_{1} == 0.9,\beta_{1} == 0.75,Correlation_XM == 0,Reliability == 0.8
250,1,0.9,0.75,0,0.8,upi,yint,1,0.948,4.1000000000000005,0.008788305322829372,-0.055791357468274905,0.10575014499293428,0.08337204631443977,-0.020221720154792244,-0.08113334940181816,1.8358817799329907e-4,-0.10407996592657454,2000,italic(N) == 250,\beta_{1} == 1,\beta_{1} == 0.9,\beta_{1} == 0.75,Correlation_XM == 0,Reliability == 0.8
250,1,0.9,0.75,0,0.9,rapi,yint,1,0.9545,1.5,0.00388919506085765,0.028471799295976874,0.06860742283914997,0.05676477796644421,0.033601965208180616,0.061854201251957175,0.0023819358831013715,0.021911610962577877,2000,italic(N) == 250,\beta_{1} == 1,\beta_{1} == 0.9,\beta_{1} == 0.75,Correlation_XM == 0,Reliability == 0.9
250,1,0.9,0.75,0,0.9,tspa,yint,1,0.9425,1.4000000000000001,-9.959111631641382e-5,-0.019722283869317514,0.06764322522276604,-0.0014719334125452314,-0.030087614797140484,0.026403838145208747,-0.0014974427104774701,-0.024119400601681495,2000,italic(N) == 250,\beta_{1} == 1,\beta_{1} == 0.9,\beta_{1} == 0.75,Correlation_XM == 0,Reliability == 0.9
250,1,0.9,0.75,0,0.9,upi,yint,1,0.9435,1.5,3.5464393762943126e-4,-0.023771371625456394,0.07305595606618938,0.004853258547749164,-0.05588215315816874,0.027357284657245184,-0.0029692488858180655,-0.034439909455733275,2000,italic(N) == 250,\beta_{1} == 1,\beta_{1} == 0.9,\beta_{1} == 0.75,Correlation_XM == 0,Reliability == 0.9
250,1,0.9,0.75,0.3,0.7,rapi,yint,1,0.972,5.4,0.022834717790980032,0.06853605453162159,0.11309527750400551,0.20610113610715727,0.13817413975259693,0.08890896238372825,0.01450346437045319,-0.016864362287289603,2000,italic(N) == 250,\beta_{1} == 1,\beta_{1} == 0.9,\beta_{1} == 0.75,Correlation_XM == 0.3,Reliability == 0.7
250,1,0.9,0.75,0.3,0.7,tspa,yint,1,0.937,3.8,0.009791667085386827,-0.09873444852380953,0.10252017493964694,0.09592429755772731,0.0391763863482563,-0.05953875893882343,0.0044244788237050026,-0.13608270381878662,2000,italic(N) == 250,\beta_{1} == 1,\beta_{1} == 0.9,\beta_{1} == 0.75,Correlation_XM == 0.3,Reliability == 0.7
250,1,0.9,0.75,0.3,0.7,upi,yint,1,0.923,3.6999999999999997,0.013538505466500605,-0.04979713802632657,0.1377211555894376,0.0987575029921383,-0.018007931932423286,-0.027133743074229777,0.0018656433890848478,-0.12540931691005475,2000,italic(N) == 250,\beta_{1} == 1,\beta_{1} == 0.9,\beta_{1} == 0.75,Correlation_XM == 0.3,Reliability == 0.7
250,1,0.9,0.75,0.3,0.8,rapi,yint,1,0.9695,2.5,0.00685555643274802,0.08273555582877812,0.07693027309396994,0.08944748773943427,0.06556906620653383,0.05722613636434737,0.004571556555397205,0.059631078022757134,2000,italic(N) == 250,\beta_{1} == 1,\beta_{1} == 0.9,\beta_{1} == 0.75,Correlation_XM == 0.3,Reliability == 0.8
250,1,0.9,0.75,0.3,0.8,tspa,yint,1,0.949,1.8499999999999999,3.763395593096155e-4,-0.030460136809727922,0.0746979456856378,0.005036955627188282,-0.018177661312558865,-0.03759281604038556,-0.0016771669900021435,-0.042296861721894063,2000,italic(N) == 250,\beta_{1} == 1,\beta_{1} == 0.9,\beta_{1} == 0.75,Correlation_XM == 0.3,Reliability == 0.8
250,1,0.9,0.75,0.3,0.8,upi,yint,1,0.9385,3.3000000000000003,0.004929663742141726,-0.06317899152576634,0.09569555586607276,0.051569620433691926,-0.024449201340590327,-0.07114370410214998,-0.0017694281994724004,-0.10154575200589278,2000,italic(N) == 250,\beta_{1} == 1,\beta_{1} == 0.9,\beta_{1} == 0.75,Correlation_XM == 0.3,Reliability == 0.8
250,1,0.9,0.75,0.3,0.9,rapi,yint,1,0.961,1.6500000000000001,0.0036404787047707725,0.03179390913359126,0.06377530984171302,0.05716181853981022,0.01640411734584702,0.037481155771736274,0.0016374967677605379,0.02432152679628463,2000,italic(N) == 250,\beta_{1} == 1,\beta_{1} == 0.9,\beta_{1} == 0.75,Correlation_XM == 0.3,Reliability == 0.9
250,1,0.9,0.75,0.3,0.9,tspa,yint,1,0.949,1.3,2.4332827680698118e-4,-0.01983150784730847,0.0629513184045537,0.003864402853342391,-0.042462255381477375,-0.0015320753569127987,-0.001702016164178144,-0.024545310812956522,2000,italic(N) == 250,\beta_{1} == 1,\beta_{1} == 0.9,\beta_{1} == 0.75,Correlation_XM == 0.3,Reliability == 0.9
250,1,0.9,0.75,0.3,0.9,upi,yint,1,0.944,1.7999999999999998,5.252490617053089e-4,-0.02598710365530499,0.06836004559254422,0.007681873671985994,-0.039821335785078404,-2.6884400978210987e-4,-0.002154746119583162,-0.036849783364388045,2000,italic(N) == 250,\beta_{1} == 1,\beta_{1} == 0.9,\beta_{1} == 0.75,Correlation_XM == 0.3,Reliability == 0.9
250,1,0.9,0.75,0.6,0.7,rapi,yint,1,0.9745,3.6999999999999997,0.01741591319318699,0.15453082443548505,0.08584815351582935,0.2071250658080226,0.16054020839022434,0.16132908025916382,0.012888143761907278,0.08806217663292304,2000,italic(N) == 250,\beta_{1} == 1,\beta_{1} == 0.9,\beta_{1} == 0.75,Correlation_XM == 0.6,Reliability == 0.7
250,1,0.9,0.75,0.6,0.7,tspa,yint,1,0.949,3.45,0.009536709595514739,-0.03741811224792746,0.08003567872505275,0.11998072913785032,0.06152080936387913,-0.01287352749528381,0.005547009896488375,-0.0684380553084174,2000,italic(N) == 250,\beta_{1} == 1,\beta_{1} == 0.9,\beta_{1} == 0.75,Correlation_XM == 0.6,Reliability == 0.7
250,1,0.9,0.75,0.6,0.7,upi,yint,1,0.9425,3.3000000000000003,0.01969612856565928,-0.03671377242683416,0.11636977745706206,0.1716894285746308,0.06257710463579623,-0.04388146923588876,0.008174805219225256,-0.10410111082146611,2000,italic(N) == 250,\beta_{1} == 1,\beta_{1} == 0.9,\beta_{1} == 0.75,Correlation_XM == 0.6,Reliability == 0.7
250,1,0.9,0.75,0.6,0.8,rapi,yint,1,0.97,2.25,0.006543031495492375,0.090750300370535,0.06583064440280835,0.09986150617209491,0.077999934527339,0.10343900203182788,0.005276097601950691,0.06797048752736656,2000,italic(N) == 250,\beta_{1} == 1,\beta_{1} == 0.9,\beta_{1} == 0.75,Correlation_XM == 0.6,Reliability == 0.8
250,1,0.9,0.75,0.6,0.8,tspa,yint,1,0.942,1.95,0.002420531748511353,-0.02873994688339676,0.06414696946206007,0.03775160741667277,-0.0036082127478904314,0.0033843402132487377,0.0012124420951874493,-0.03971640330923765,2000,italic(N) == 250,\beta_{1} == 1,\beta_{1} == 0.9,\beta_{1} == 0.75,Correlation_XM == 0.6,Reliability == 0.8
250,1,0.9,0.75,0.6,0.8,upi,yint,1,0.938,3.4000000000000004,0.005970569205068368,-0.04245060488808794,0.08042622903631261,0.07442339085289018,0.003915512527010798,0.006778305004108587,0.0018973570914732063,-0.07464796896747117,2000,italic(N) == 250,\beta_{1} == 1,\beta_{1} == 0.9,\beta_{1} == 0.75,Correlation_XM == 0.6,Reliability == 0.8
250,1,0.9,0.75,0.6,0.9,rapi,yint,1,0.9575,1.25,3.4035269099607523e-4,0.05811758946990042,0.05392560102901733,0.006310070972402846,0.014755301071405012,0.07859033278342276,4.793227501298514e-5,0.05333050351007329,2000,italic(N) == 250,\beta_{1} == 1,\beta_{1} == 0.9,\beta_{1} == 0.75,Correlation_XM == 0.6,Reliability == 0.9
250,1,0.9,0.75,0.6,0.9,tspa,yint,1,0.943,0.8,-0.0018174960234109796,0.00515537972433977,0.053267054452455165,-0.03413179573099335,-0.03578805570034568,0.03471260586372349,-0.0020789167984620605,0.0021144606120959697,2000,italic(N) == 250,\beta_{1} == 1,\beta_{1} == 0.9,\beta_{1} == 0.75,Correlation_XM == 0.6,Reliability == 0.9
250,1,0.9,0.75,0.6,0.9,upi,yint,1,0.9495,1.25,-0.0017332053596266633,-0.01569112492307212,0.058866732980351825,-0.029448271710861913,-0.07754571655093064,-0.009779954897900955,-0.003275080261164409,-0.02547423928308512,2000,italic(N) == 250,\beta_{1} == 1,\beta_{1} == 0.9,\beta_{1} == 0.75,Correlation_XM == 0.6,Reliability == 0.9
500,1,0.9,0.75,0,0.7,rapi,yint,1,0.9665,3.25,0.011341794341440172,0.07781277266721953,0.07645743107505747,0.1499633657885529,0.0900170955913312,0.06356869216852057,0.007856115619855497,0.0423588877207115,2000,italic(N) == 500,\beta_{1} == 1,\beta_{1} == 0.9,\beta_{1} == 0.75,Correlation_XM == 0,Reliability == 0.7
500,1,0.9,0.75,0,0.7,tspa,yint,1,0.9345,2.1,0.004161897818670338,-0.06503494538915922,0.07177469760501327,0.05806879201247566,0.0052090387372601575,-0.05940100504766754,0.0016732783022395115,-0.0812337893980365,2000,italic(N) == 500,\beta_{1} == 1,\beta_{1} == 0.9,\beta_{1} == 0.75,Correlation_XM == 0,Reliability == 0.7
500,1,0.9,0.75,0,0.7,upi,yint,1,0.9359999999999999,2.5,0.008074270929832292,-0.022360502603952725,0.09658960487614364,0.08386621720422177,-0.027789834789669402,-0.012431526289911732,3.4712410274601035e-4,-0.06199386933257034,2000,italic(N) == 500,\beta_{1} == 1,\beta_{1} == 0.9,\beta_{1} == 0.75,Correlation_XM == 0,Reliability == 0.7
500,1,0.9,0.75,0,0.8,rapi,yint,1,0.9655,1.8499999999999999,0.006776196107477355,0.05623259240250089,0.058718042419739984,0.11614944139736076,0.0935103938759063,0.06832583952717486,0.005555835746060778,0.044313610274119064,2000,italic(N) == 500,\beta_{1} == 1,\beta_{1} == 0.9,\beta_{1} == 0.75,Correlation_XM == 0,Reliability == 0.8
500,1,0.9,0.75,0,0.8,tspa,yint,1,0.9435,1.15,0.0023214050081873942,-0.03727499040806348,0.05695368156202915,0.04078322531836997,0.01514883418014954,-0.029468926607792767,0.001340296299111643,-0.04396113975999694,2000,italic(N) == 500,\beta_{1} == 1,\beta_{1} == 0.9,\beta_{1} == 0.75,Correlation_XM == 0,Reliability == 0.8
500,1,0.9,0.75,0,0.8,upi,yint,1,0.944,1.95,0.0060780952918295245,-0.03884531760993204,0.06994636448370314,0.08720465312502268,0.01551970353442581,-0.06078332609763892,0.002213165564822317,-0.05805706022328605,2000,italic(N) == 500,\beta_{1} == 1,\beta_{1} == 0.9,\beta_{1} == 0.75,Correlation_XM == 0,Reliability == 0.8
500,1,0.9,0.75,0,0.9,rapi,yint,1,0.9585,1.4500000000000002,0.0013081191002422006,0.035958979667448876,0.047510736833513756,0.027536681173834742,0.006389726427985008,0.04094922545031565,7.82896922802867e-4,0.03205623749780129,2000,italic(N) == 500,\beta_{1} == 1,\beta_{1} == 0.9,\beta_{1} == 0.75,Correlation_XM == 0,Reliability == 0.9
500,1,0.9,0.75,0,0.9,tspa,yint,1,0.946,1.15,-0.0015703730580776242,-0.0037934529421419505,0.0467397476394694,-0.03360880996306509,-0.03559503165755328,0.02468342249844846,-0.0019802921024277276,-0.006672772304452068,2000,italic(N) == 500,\beta_{1} == 1,\beta_{1} == 0.9,\beta_{1} == 0.75,Correlation_XM == 0,Reliability == 0.9
500,1,0.9,0.75,0,0.9,upi,yint,1,0.9465,1.2,-5.102948307435458e-4,-0.0063730405939711465,0.05042114486954479,-0.010118639154499625,-0.036917286300587916,-0.01589806990571785,-0.0014879430139215777,-0.012108982150155101,2000,italic(N) == 500,\beta_{1} == 1,\beta_{1} == 0.9,\beta_{1} == 0.75,Correlation_XM == 0,Reliability == 0.9
500,1,0.9,0.75,0.3,0.7,rapi,yint,1,0.975,3.45,0.0119644808873228,0.11073450112254024,0.06951070552924109,0.17468843727047578,0.11122936915797928,0.09531653623143499,0.00869171557336712,0.0756712933199204,2000,italic(N) == 500,\beta_{1} == 1,\beta_{1} == 0.9,\beta_{1} == 0.75,Correlation_XM == 0.3,Reliability == 0.7
500,1,0.9,0.75,0.3,0.7,tspa,yint,1,0.946,2.4,0.0052019677338304635,-0.054388051000695103,0.06578709639403532,0.07930130069874246,0.038100173560384885,-0.0566457358582102,0.0028600058934187267,-0.07059575567679788,2000,italic(N) == 500,\beta_{1} == 1,\beta_{1} == 0.9,\beta_{1} == 0.75,Correlation_XM == 0.3,Reliability == 0.7
500,1,0.9,0.75,0.3,0.7,upi,yint,1,0.9455,2.5,0.01123780605826478,-0.022450933110162774,0.0908988910927931,0.1245543553749503,0.04575813500090748,-0.02539408067127935,0.0031034890380232105,-0.06386311676727163,2000,italic(N) == 500,\beta_{1} == 1,\beta_{1} == 0.9,\beta_{1} == 0.75,Correlation_XM == 0.3,Reliability == 0.7
500,1,0.9,0.75,0.3,0.8,rapi,yint,1,0.9645,1.7999999999999998,0.0039916403172987605,0.05637234885656062,0.053993712593635425,0.0741121898083307,0.07094470731708988,0.04124045476525939,0.003397437889868904,0.04397414126555055,2000,italic(N) == 500,\beta_{1} == 1,\beta_{1} == 0.9,\beta_{1} == 0.75,Correlation_XM == 0.3,Reliability == 0.8
500,1,0.9,0.75,0.3,0.8,tspa,yint,1,0.9445,1.4500000000000002,2.3083012954687374e-5,-0.04151220425511981,0.052613000836577106,4.3862245707314144e-4,-0.016734041482334303,-0.043273460424204324,-4.765873718682867e-4,-0.04815274604785147,2000,italic(N) == 500,\beta_{1} == 1,\beta_{1} == 0.9,\beta_{1} == 0.75,Correlation_XM == 0.3,Reliability == 0.8
500,1,0.9,0.75,0.3,0.8,upi,yint,1,0.947,2.5,0.0027868695727727585,-0.036091388409903,0.06403752616614204,0.04354969810091104,-0.040264193510408525,-0.033174419978583836,-9.040997636488024e-4,-0.055421918394682024,2000,italic(N) == 500,\beta_{1} == 1,\beta_{1} == 0.9,\beta_{1} == 0.75,Correlation_XM == 0.3,Reliability == 0.8
500,1,0.9,0.75,0.3,0.9,rapi,yint,1,0.9585,0.5499999999999999,0.0013916572734833778,0.021913292339230006,0.044554272678906985,0.031242537060578147,0.022040456344086714,0.025484638584664543,9.188181225817105e-4,0.019964719637216133,2000,italic(N) == 500,\beta_{1} == 1,\beta_{1} == 0.9,\beta_{1} == 0.75,Correlation_XM == 0.3,Reliability == 0.9
500,1,0.9,0.75,0.3,0.9,tspa,yint,1,0.948,0.7000000000000001,-0.0010602371947495792,-0.021278726574990303,0.04389601648796375,-0.02415438822979223,-0.024050095439787183,-0.009391555253890571,-0.0013909222750667083,-0.022717612579584823,2000,italic(N) == 500,\beta_{1} == 1,\beta_{1} == 0.9,\beta_{1} == 0.75,Correlation_XM == 0.3,Reliability == 0.9
500,1,0.9,0.75,0.3,0.9,upi,yint,1,0.95,0.95,-0.0012736713213615679,-0.018554240781027742,0.04716790818283803,-0.027006017531645304,-0.04957574321761913,0.003918935983173943,-0.0021135275111173746,-0.023168510081465143,2000,italic(N) == 500,\beta_{1} == 1,\beta_{1} == 0.9,\beta_{1} == 0.75,Correlation_XM == 0.3,Reliability == 0.9
500,1,0.9,0.75,0.6,0.7,rapi,yint,1,0.9755,3,0.008785583502887865,0.13111108370266922,0.05713504578299282,0.1555806256478041,0.08315391390147318,0.14840777096381763,0.006145675059406608,0.10052659723003932,2000,italic(N) == 500,\beta_{1} == 1,\beta_{1} == 0.9,\beta_{1} == 0.75,Correlation_XM == 0.6,Reliability == 0.7
500,1,0.9,0.75,0.6,0.7,tspa,yint,1,0.9375,2.5,0.004643462488255354,-0.0546823769045246,0.05528968779143629,0.08426092963182509,0.011808002592664013,-0.0397242405226792,0.0021729838809627644,-0.07030062773562384,2000,italic(N) == 500,\beta_{1} == 1,\beta_{1} == 0.9,\beta_{1} == 0.75,Correlation_XM == 0.6,Reliability == 0.7
500,1,0.9,0.75,0.6,0.7,upi,yint,1,0.937,3.9,0.010941272533806204,-0.05703288394293682,0.07963310053506034,0.13867686969387172,0.009276330399013063,-0.06364064300688366,0.0029166406332768458,-0.10053443172024312,2000,italic(N) == 500,\beta_{1} == 1,\beta_{1} == 0.9,\beta_{1} == 0.75,Correlation_XM == 0.6,Reliability == 0.7
500,1,0.9,0.75,0.6,0.8,rapi,yint,1,0.9695,1.35,0.0034852716775869907,0.0706406332769085,0.04574571174240493,0.07639092576419852,0.048220463422877315,0.04476882136986693,0.002532603427758684,0.06261344731313145,2000,italic(N) == 500,\beta_{1} == 1,\beta_{1} == 0.9,\beta_{1} == 0.75,Correlation_XM == 0.6,Reliability == 0.8
500,1,0.9,0.75,0.6,0.8,tspa,yint,1,0.9455,1.0999999999999999,8.844873705567126e-4,-0.040064908385395004,0.04489219035641468,0.01970137555395856,-0.017008543758078653,-0.06946857792118333,6.967237699662121e-6,-0.04395192019554739,2000,italic(N) == 500,\beta_{1} == 1,\beta_{1} == 0.9,\beta_{1} == 0.75,Correlation_XM == 0.6,Reliability == 0.8
500,1,0.9,0.75,0.6,0.8,upi,yint,1,0.945,2.1,0.0026653545118053173,-0.0421807977517471,0.05517523802485156,0.04835144823285725,-0.0059375225906282865,-0.042759535657507675,-5.177850993015598e-4,-0.05813635627870095,2000,italic(N) == 500,\beta_{1} == 1,\beta_{1} == 0.9,\beta_{1} == 0.75,Correlation_XM == 0.6,Reliability == 0.8
500,1,0.9,0.75,0.6,0.9,rapi,yint,1,0.955,0.8999999999999999,0.0014103100119188072,0.04644265837684136,0.0380653742951394,0.037065866900556264,0.04308427754831474,0.04420220189638613,0.0013197071607076727,0.04445586973386484,2000,italic(N) == 500,\beta_{1} == 1,\beta_{1} == 0.9,\beta_{1} == 0.75,Correlation_XM == 0.6,Reliability == 0.9
500,1,0.9,0.75,0.6,0.9,tspa,yint,1,0.9455,0.75,-2.2633359140271334e-4,-0.007243578389501959,0.037729475920241284,-0.005997461320368385,-0.00166895805212544,-0.014230807403767254,-3.252492176063493e-4,-0.008580031910621955,2000,italic(N) == 500,\beta_{1} == 1,\beta_{1} == 0.9,\beta_{1} == 0.75,Correlation_XM == 0.6,Reliability == 0.9
500,1,0.9,0.75,0.6,0.9,upi,yint,1,0.9435,1.25,2.834786550432527e-4,-0.014557570385169694,0.04123784799768405,0.006872678540452656,-0.003517687511014971,-0.03655063207572562,-2.82520512999207e-4,-0.01901615346794283,2000,italic(N) == 500,\beta_{1} == 1,\beta_{1} == 0.9,\beta_{1} == 0.75,Correlation_XM == 0.6,Reliability == 0.9
